{
  "data": [
    347.0,
    723.0,
    924.0,
    1539.0,
    2858.0,
    4070.0,
    6194.0,
    8795.0,
    9769.0,
    11472.0,
    11986.0,
    10892.0,
    8399.0,
    6209.0,
    4053.0,
    2613.0,
    1486.0,
    824.0,
    403.0,
    759.0
  ],
  "kde": [
    347.0,
    723.0,
    924.0,
    1539.0,
    2858.0,
    4070.0,
    6194.0,
    8795.0,
    9769.0,
    11472.0,
    11986.0,
    10892.0,
    8399.0,
    6209.0,
    4053.0,
    2613.0,
    1486.0,
    824.0,
    403.0,
    759.0
  ],
  "desc": {
    "25%": -0.652148,
    "50%": 0.012058,
    "75%": 0.637527,
    "count": 94315.0,
    "max": 3.0068330000000003,
    "mean": -3.7364152044046837e-08,
    "min": -3.006196,
    "std": 0.999904572137616
  },
  "labels": [
    "-3.0",
    "-2.7",
    "-2.4",
    "-2.1",
    "-1.8",
    "-1.5",
    "-1.2",
    "-0.9",
    "-0.6",
    "-0.3",
    "0.0",
    "0.3",
    "0.6",
    "0.9",
    "1.2",
    "1.5",
    "1.8",
    "2.1",
    "2.4",
    "2.7",
    "3.0"
  ],
  "type": "histogram",
  "dtype": "float64"
}
