{
  "data": {
    "all": {
      "x": [
        1545195600000,
        1545282000000,
        1545368400000,
        1545454800000,
        1545541200000,
        1545627600000,
        1545714000000,
        1545800400000,
        1545886800000,
        1545973200000,
        1546059600000,
        1546146000000,
        1546232400000,
        1546318800000,
        1546405200000
      ],
      "corr": [
        0.194918,
        -0.201896,
        0.115315,
        0.339114,
        0.174609,
        -0.097989,
        0.111075,
        -0.205908,
        -0.289365,
        -0.079587,
        0.170145,
        -0.229303,
        -0.312707,
        -0.009919,
        -0.164679
      ]
    }
  },
  "max": 0.40548625523544046,
  "min": -0.5101782784596804,
  "x": "x",
  "y": "corr"
}