{
  "data": {
    "all": {
      "x": [1.4, 2.4, 3.4, 4.4, 9.2, 0.2, -1.3, 5.6, 3.7, 4.2],
      "col2": [1.5, 1.5, 2.1, 1.3, -3.7, 6.6, 1.9, 8.8, 7.2, 3.0],
      "index": [0,1,2,3,4,5,6,7,8,9]
    }
  },
  "stats": {
    "correlated": 10,
    "only_in_s0": 0,
    "only_in_s1": 0,
    "pearson": 0.019643318814764315,
    "spearman": 0.01647169200912469
  },
  "x": "col1",
  "y": "col2",
  "max": {
    "index": 9,
    "col2": 8.8,
    "x": 9.2
  },
  "min": {
    "index": 0,
    "col2": -3.7,
    "x": -1.3
  }
}